S.NO,NAME,RNO,EMAIL,DEPT,YEAR,CURR_SEM,BATCH_YEAR,SEM1,SEM2,SEM3,SEM4,SEM5,SEM6,SEM7,SEM8,INTERNAL_MARKS,TOTAL_DAYS_CURR,ATTENDED_DAYS_CURR,PREV_ATTENDANCE_PERC,BEHAVIOR_SCORE_10,MENTOR,MENTOR_EMAIL
1,Student 1,22CSE001,student1@college.edu,CSE,1,1,2022,77,73,0,0,0,0,0,0,15,90,75,76,7,Dr. Mentor 1,mentor1@college.edu
2,Student 2,22ECE002,student2@college.edu,ECE,2,3,2022,61,78,62,78,0,0,0,0,24,90,81,81,9,Dr. Mentor 2,mentor2@college.edu
3,Student 3,22MECH003,student3@college.edu,MECH,3,5,2022,92,75,87,90,81,94,0,0,23,90,76,75,7,Dr. Mentor 3,mentor3@college.edu
4,Student 4,22CIVIL004,student4@college.edu,CIVIL,4,7,2022,82,78,61,83,83,86,67,72,25,90,88,79,8,Dr. Mentor 4,mentor4@college.edu
5,Student 5,22EEE005,student5@college.edu,EEE,1,1,2022,72,72,0,0,0,0,0,0,17,90,71,90,9,Dr. Mentor 5,mentor5@college.edu
6,Student 6,22IT006,student6@college.edu,IT,2,3,2022,77,87,75,87,0,0,0,0,24,90,87,88,8,Dr. Mentor 6,mentor6@college.edu
7,Student 7,22CDS007,student7@college.edu,CDS,3,5,2022,81,88,91,77,64,90,0,0,15,90,74,79,6,Dr. Mentor 7,mentor7@college.edu
8,Student 8,22CSE008,student8@college.edu,CSE,4,7,2022,80,71,92,93,84,90,77,82,22,90,89,76,7,Dr. Mentor 8,mentor8@college.edu
9,Student 9,22ECE009,student9@college.edu,ECE,1,1,2022,68,85,0,0,0,0,0,0,27,90,80,81,7,Dr. Mentor 9,mentor9@college.edu
10,Student 10,22MECH010,student10@college.edu,MECH,2,3,2022,86,73,92,60,0,0,0,0,25,90,85,91,9,Dr. Mentor 10,mentor10@college.edu
11,Student 11,22CIVIL011,student11@college.edu,CIVIL,3,5,2022,73,78,92,71,78,78,0,0,16,90,79,94,6,Dr. Mentor 11,mentor11@college.edu
12,Student 12,22EEE012,student12@college.edu,EEE,4,7,2022,93,88,72,77,68,61,69,89,21,90,87,78,6,Dr. Mentor 12,mentor12@college.edu
13,Student 13,22IT013,student13@college.edu,IT,1,1,2022,85,91,0,0,0,0,0,0,17,90,74,94,8,Dr. Mentor 13,mentor13@college.edu
14,Student 14,22CDS014,student14@college.edu,CDS,2,3,2022,82,90,63,74,0,0,0,0,28,90,78,82,7,Dr. Mentor 14,mentor14@college.edu
15,Student 15,22CSE015,student15@college.edu,CSE,3,5,2022,69,78,62,65,68,91,0,0,26,90,81,81,6,Dr. Mentor 15,mentor15@college.edu
16,Student 16,22ECE016,student16@college.edu,ECE,4,7,2022,62,78,87,85,70,67,61,86,28,90,82,82,6,Dr. Mentor 16,mentor16@college.edu
17,Student 17,22MECH017,student17@college.edu,MECH,1,1,2022,70,66,0,0,0,0,0,0,15,90,87,79,6,Dr. Mentor 17,mentor17@college.edu
18,Student 18,22CIVIL018,student18@college.edu,CIVIL,2,3,2022,72,78,77,72,0,0,0,0,24,90,76,75,8,Dr. Mentor 18,mentor18@college.edu
19,Student 19,22EEE019,student19@college.edu,EEE,3,5,2022,82,66,62,91,91,83,0,0,22,90,73,76,8,Dr. Mentor 19,mentor19@college.edu
20,Student 20,22IT020,student20@college.edu,IT,4,7,2022,62,77,66,66,80,90,77,78,21,90,85,86,8,Dr. Mentor 20,mentor20@college.edu
21,Student 21,22CDS021,student21@college.edu,CDS,1,1,2022,61,63,0,0,0,0,0,0,23,90,73,81,6,Dr. Mentor 21,mentor21@college.edu
22,Student 22,22CSE022,student22@college.edu,CSE,2,3,2022,91,73,93,85,0,0,0,0,27,90,89,89,9,Dr. Mentor 22,mentor22@college.edu
23,Student 23,22ECE023,student23@college.edu,ECE,3,5,2022,69,60,80,65,77,62,0,0,16,90,85,91,6,Dr. Mentor 23,mentor23@college.edu
24,Student 24,22MECH024,student24@college.edu,MECH,4,7,2022,80,80,81,62,88,61,79,81,26,90,84,77,7,Dr. Mentor 24,mentor24@college.edu
25,Student 25,22CIVIL025,student25@college.edu,CIVIL,1,1,2022,91,79,0,0,0,0,0,0,15,90,70,90,7,Dr. Mentor 25,mentor25@college.edu
26,Student 26,22EEE026,student26@college.edu,EEE,2,3,2022,80,77,94,84,0,0,0,0,27,90,78,93,8,Dr. Mentor 26,mentor26@college.edu
27,Student 27,22IT027,student27@college.edu,IT,3,5,2022,78,63,83,75,77,68,0,0,21,90,82,83,6,Dr. Mentor 27,mentor27@college.edu
28,Student 28,22CDS028,student28@college.edu,CDS,4,7,2022,62,78,66,83,90,91,91,68,19,90,85,79,6,Dr. Mentor 28,mentor28@college.edu
29,Student 29,22CSE029,student29@college.edu,CSE,1,1,2022,94,68,0,0,0,0,0,0,20,90,75,90,6,Dr. Mentor 29,mentor29@college.edu
30,Student 30,22ECE030,student30@college.edu,ECE,2,3,2022,78,81,90,94,0,0,0,0,22,90,70,76,8,Dr. Mentor 30,mentor30@college.edu
31,Student 31,22MECH031,student31@college.edu,MECH,3,5,2022,68,87,94,76,86,83,0,0,28,90,76,91,9,Dr. Mentor 31,mentor31@college.edu
32,Student 32,22CIVIL032,student32@college.edu,CIVIL,4,7,2022,75,65,61,71,63,80,65,80,25,90,87,85,9,Dr. Mentor 32,mentor32@college.edu
33,Student 33,22EEE033,student33@college.edu,EEE,1,1,2022,74,80,0,0,0,0,0,0,29,90,76,87,8,Dr. Mentor 33,mentor33@college.edu
34,Student 34,22IT034,student34@college.edu,IT,2,3,2022,82,63,94,78,0,0,0,0,17,90,84,91,7,Dr. Mentor 34,mentor34@college.edu
35,Student 35,22CDS035,student35@college.edu,CDS,3,5,2022,67,72,86,60,67,81,0,0,18,90,70,93,8,Dr. Mentor 35,mentor35@college.edu
36,Student 36,22CSE036,student36@college.edu,CSE,4,7,2022,90,86,85,80,68,90,69,67,19,90,87,93,7,Dr. Mentor 36,mentor36@college.edu
37,Student 37,22ECE037,student37@college.edu,ECE,1,1,2022,66,79,0,0,0,0,0,0,19,90,72,87,9,Dr. Mentor 37,mentor37@college.edu
38,Student 38,22MECH038,student38@college.edu,MECH,2,3,2022,71,77,60,91,0,0,0,0,27,90,80,86,7,Dr. Mentor 38,mentor38@college.edu
39,Student 39,22CIVIL039,student39@college.edu,CIVIL,3,5,2022,73,69,65,68,71,78,0,0,18,90,87,86,7,Dr. Mentor 39,mentor39@college.edu
40,Student 40,22EEE040,student40@college.edu,EEE,4,7,2022,74,77,86,79,90,72,79,61,29,90,88,85,9,Dr. Mentor 40,mentor40@college.edu
41,Student 41,22IT041,student41@college.edu,IT,1,1,2022,87,63,0,0,0,0,0,0,28,90,80,88,7,Dr. Mentor 41,mentor41@college.edu
42,Student 42,22CDS042,student42@college.edu,CDS,2,3,2022,77,90,86,87,0,0,0,0,27,90,75,91,7,Dr. Mentor 42,mentor42@college.edu
43,Student 43,22CSE043,student43@college.edu,CSE,3,5,2022,86,70,92,70,68,60,0,0,26,90,73,86,9,Dr. Mentor 43,mentor43@college.edu
44,Student 44,22ECE044,student44@college.edu,ECE,4,7,2022,86,60,75,62,89,66,73,86,26,90,72,80,6,Dr. Mentor 44,mentor44@college.edu
45,Student 45,22MECH045,student45@college.edu,MECH,1,1,2022,90,80,0,0,0,0,0,0,24,90,87,75,8,Dr. Mentor 45,mentor45@college.edu
46,Student 46,22CIVIL046,student46@college.edu,CIVIL,2,3,2022,80,74,87,89,0,0,0,0,25,90,84,78,8,Dr. Mentor 46,mentor46@college.edu
47,Student 47,22EEE047,student47@college.edu,EEE,3,5,2022,69,81,73,80,89,69,0,0,22,90,73,89,8,Dr. Mentor 47,mentor47@college.edu
48,Student 48,22IT048,student48@college.edu,IT,4,7,2022,85,60,71,76,75,63,91,81,21,90,85,93,6,Dr. Mentor 48,mentor48@college.edu
49,Student 49,22CDS049,student49@college.edu,CDS,1,1,2022,81,88,0,0,0,0,0,0,23,90,88,83,8,Dr. Mentor 49,mentor49@college.edu
50,Student 50,22CSE050,student50@college.edu,CSE,2,3,2022,64,90,65,86,0,0,0,0,25,90,87,76,9,Dr. Mentor 50,mentor50@college.edu
